mean_radius,mean_texture,mean_perimeter,mean_area,mean_smoothness,mean_compactness,mean_concavity,mean_concave_points,mean_symmetry,mean_fractal_dimension,target
9.465,21.01,60.11,269.4,0.1044,0.07773,0.02172,0.01504,0.1717,0.06899,1
9.029,17.33,58.79,250.5,0.1066,0.1413,0.313,0.04375,0.2111,0.08046,1
16.02,23.24,102.7,797.8,0.08206,0.06669,0.03299,0.03323,0.1528,0.05697,0
13.54,14.36,87.46,566.3,0.09779,0.08129,0.06664,0.04781,0.1885,0.05766,1
15.3,25.27,102.4,732.4,0.1082,0.1697,0.1683,0.08751,0.1926,0.0654,0
13.17,21.81,85.42,531.5,0.09714,0.1047,0.08259,0.05252,0.1746,0.06177,0
18.22,18.7,120.3,1033.0,0.1148,0.1485,0.1772,0.106,0.2092,0.0631,0
12.78,16.49,81.37,502.5,0.09831,0.05234,0.03653,0.02864,0.159,0.05653,1
14.54,27.54,96.73,658.8,0.1139,0.1595,0.1639,0.07364,0.2303,0.07077,0
14.58,21.53,97.41,644.8,0.1054,0.1868,0.1425,0.08783,0.2252,0.06924,0
13.49,22.3,86.91,561.0,0.08752,0.07698,0.04751,0.03384,0.1809,0.05718,1
11.84,18.7,77.93,440.6,0.1109,0.1516,0.1218,0.05182,0.2301,0.07799,0
8.598,20.98,54.66,221.8,0.1243,0.08963,0.03,0.009259,0.1828,0.06757,1
18.61,20.25,122.1,1094.0,0.0944,0.1066,0.149,0.07731,0.1697,0.05699,0
11.94,18.24,75.71,437.6,0.08261,0.04751,0.01972,0.01349,0.1868,0.0611,1
9.504,12.44,60.34,273.9,0.1024,0.06492,0.02956,0.02076,0.1815,0.06905,1
13.73,22.61,93.6,578.3,0.1131,0.2293,0.2128,0.08025,0.2069,0.07682,0
15.78,17.89,103.6,781.0,0.0971,0.1292,0.09954,0.06606,0.1842,0.06082,0
12.46,24.04,83.97,475.9,0.1186,0.2396,0.2273,0.08543,0.203,0.08243,0
8.196,16.84,51.71,201.9,0.086,0.05943,0.01588,0.005917,0.1769,0.06503,1
18.63,25.11,124.8,1088.0,0.1064,0.1887,0.2319,0.1244,0.2183,0.06197,0
14.25,21.72,93.63,633.0,0.09823,0.1098,0.1319,0.05598,0.1885,0.06125,0
